player_id,name,season,team_code,position,status,review_status,reviewed_by,last_updated,rating_confidence,reason,overall,speed,strength,awareness,pass_rating,run_rating,receiving,blocking,pass_block,run_block,pass_rush,run_defense,tackling,coverage,man_coverage,zone_coverage,hands,kicking,punting,clutch,playoff_clutch,durability
tom-brady,Tom Brady,2007,NE,QB,,approved,ratings-committee,2026-06-07,,Undefeated 16-0 record-setting MVP season,99,,,99,99,,,,,,,,,,,,,,,98,99,
jerry-rice,Jerry Rice,,,WR,,approved,ratings-committee,2026-06-07,,Greatest WR ever at peak dominance,99,92,,99,,,99,,,,,,,,,,99,,,95,96,
joe-montana,Joe Montana,,,QB,,approved,ratings-committee,2026-06-07,,Four-time champion and clutch master,98,,,99,97,,,,,,,,,,,,,,,99,99,
joe-greene,Joe Greene,1978,PIT,DT,,approved,ratings-committee,2026-06-07,,Steel Curtain anchor and intimidator,98,,98,95,,,,,,,92,98,,,,,,,,,,
jack-lambert,Jack Lambert,1978,PIT,LB,,approved,ratings-committee,2026-06-07,,Iconic intimidating middle linebacker,97,,,96,,,,,,,,96,99,84,,,,,,,,
mel-blount,Mel Blount,1978,PIT,CB,,approved,ratings-committee,2026-06-07,,Prototype shutdown cornerback,96,92,,,,,,,,,,,,96,97,,,,,,,
reggie-white,Reggie White,1996,GB,EDGE,,approved,ratings-committee,2026-06-07,,Minister of Defense and dominant edge,98,,99,,,,,,,,99,95,,,,,,,,,,
brett-favre,Brett Favre,1996,GB,QB,,approved,ratings-committee,2026-06-07,,1996 MVP gunslinger and iron man,97,,,90,95,,,,,,,,,,,,,,,95,,99
larry-csonka,Larry Csonka,1972,MIA,RB,,approved,ratings-committee,2026-06-07,,Bruising bell-cow back on the perfect-season Dolphins,95,,97,,,95,,,,,,,,,,,,,,,,95
bob-griese,Bob Griese,1972,MIA,QB,manually_reviewed,approved,ratings-committee,2026-06-07,,Injury-shortened year (Morrall started much of 1972); generated rating verified,,,,,,,,,,,,,,,,,,,,,,
ronnie-lott,Ronnie Lott,,,S,,approved,ratings-committee,2026-06-07,,Hardest hitting defensive back ever,98,,,97,,,,,,,,,97,95,,,,,,95,,
terry-bradshaw,Terry Bradshaw,1978,PIT,QB,manually_reviewed,approved,ratings-committee,2026-06-07,,Era-appropriate rating confirmed by review,,,,,,,,,,,,,,,,,,,,,,
ray-lewis,Ray Lewis,2000,BAL,LB,,approved,ratings-committee,2026-06-07,,"2000 DPOY and Super Bowl MVP, anchor of an all-time defense",99,88,,99,,,,,,,,98,99,88,,,,,,95,,
walter-payton,Walter Payton,1977,CHI,RB,,approved,ratings-committee,2026-06-07,,"1977 NFL MVP and OPOY, league-leading rusher",99,90,95,96,,99,82,,,,,,,,,,,,,,,97
walter-payton,Walter Payton,1985,CHI,RB,,approved,ratings-committee,2026-06-07,,1985 All-Pro and engine of the 15-1 champion Bears,96,90,92,95,,97,,,,,,,,,,,,,,92,95,99
mike-singletary,Mike Singletary,1985,CHI,LB,,approved,ratings-committee,2026-06-07,,"1985 Defensive Player of the Year, leader of the 46 defense",96,,,97,,,,,,,,96,98,,,,,,,90,93,
richard-dent,Richard Dent,1985,CHI,EDGE,,approved,ratings-committee,2026-06-07,,Super Bowl XX MVP and premier edge rusher,95,88,,,,,,,,,97,86,,,,,,,,,95,
dan-hampton,Dan Hampton,1985,CHI,DT,,approved,ratings-committee,2026-06-07,,All-Pro anchor of the 46 defense,91,,93,,,,,,,,88,92,,,,,,,,,,
kurt-warner,Kurt Warner,1999,STL,QB,,approved,ratings-committee,2026-06-07,,1999 NFL MVP and Super Bowl XXXIV MVP,97,,,95,97,,,,,,,,,,,,,,,95,96,
marshall-faulk,Marshall Faulk,1999,STL,RB,,approved,ratings-committee,2026-06-07,,"1999 Offensive Player of the Year, dual-threat centerpiece",97,94,,94,,95,96,,,,,,,,,,92,,,,,
orlando-pace,Orlando Pace,1999,STL,LT,,approved,ratings-committee,2026-06-07,,All-Pro blindside protector,93,,92,,,,,,94,90,,,,,,,,,,,,
isaac-bruce,Isaac Bruce,1999,STL,WR,,approved,ratings-committee,2026-06-07,,Top receiver of the Greatest Show on Turf,90,91,,,,,91,,,,,,,,,,90,,,,,
jonathan-ogden,Jonathan Ogden,2000,BAL,LT,,approved,ratings-committee,2026-06-07,,All-Pro franchise left tackle,94,,93,,,,,,95,92,,,,,,,,,,,,
rod-woodson,Rod Woodson,2000,BAL,S,,approved,ratings-committee,2026-06-07,,Veteran All-Pro safety on a record-setting defense,90,,,93,,,,,,,,,86,90,,91,,,,,,
shannon-sharpe,Shannon Sharpe,2000,BAL,TE,,approved,ratings-committee,2026-06-07,,Productive Hall of Fame tight end,88,,,85,,,90,,,,,,,,,,88,,,,,
randy-moss,Randy Moss,2007,NE,WR,,approved,ratings-committee,2026-06-07,,Single-season touchdown receptions record (23) in the 16-0 regular season,99,96,,,,,99,,,,,,,,,,95,,,92,88,
wes-welker,Wes Welker,2007,NE,WR,,approved,ratings-committee,2026-06-07,,League-leading possession receiver,90,,,90,,,90,,,,,,,,,,93,,,,,
richard-sherman,Richard Sherman,2013,SEA,CB,,approved,ratings-committee,2026-06-07,,First-team All-Pro shutdown corner of the Legion of Boom,94,90,,92,,,,,,,,,,95,94,93,,,,,,
earl-thomas,Earl Thomas,2013,SEA,S,,approved,ratings-committee,2026-06-07,,"All-Pro free safety, centerpiece of the Legion of Boom",93,93,,93,,,,,,,,,85,92,,94,,,,,,
kam-chancellor,Kam Chancellor,2013,SEA,S,,approved,ratings-committee,2026-06-07,,Hard-hitting strong safety of the Legion of Boom,90,,88,88,,,,,,,,,92,86,,,,,,,,
marshawn-lynch,Marshawn Lynch,2013,SEA,RB,,approved,ratings-committee,2026-06-07,,"Beast Mode, bell-cow of the champion Seahawks",91,88,92,,,93,,,,,,,,,,,,,,90,90,
bobby-wagner,Bobby Wagner,2013,SEA,LB,,approved,ratings-committee,2026-06-07,,All-Pro middle linebacker,90,88,,90,,,,,,,,90,92,84,,,,,,,,
patrick-mahomes,Patrick Mahomes,2018,KC,QB,,approved,ratings-committee,2026-06-07,,"2018 NFL MVP, 50 passing touchdowns",96,,,92,97,,,,,,,,,,,,,,,93,90,
travis-kelce,Travis Kelce,2018,KC,TE,,approved,ratings-committee,2026-06-07,,All-Pro tight end,93,,,90,,,94,,,,,,,,,,92,,,,,
tyreek-hill,Tyreek Hill,2018,KC,WR,,approved,ratings-committee,2026-06-07,,All-Pro deep threat,92,99,,,,,90,,,,,,,,,,86,,,,,
tom-brady,Tom Brady,2020,TB,QB,,approved,ratings-committee,2026-06-07,,Super Bowl LV champion in his first Buccaneers season,90,,,96,90,,,,,,,,,,,,,,,95,97,
mike-evans,Mike Evans,2020,TB,WR,,approved,ratings-committee,2026-06-07,,"No. 1 receiver and perennial 1,000-yard producer",89,89,86,,,,89,,,,,,,,,,85,,,,,
christian-mccaffrey,Christian McCaffrey,2023,SF,RB,,approved,ratings-committee,2026-06-07,,2023 Offensive Player of the Year,95,92,,90,,93,92,,,,,,,,,,90,,,90,,
nick-bosa,Nick Bosa,2023,SF,EDGE,,approved,ratings-committee,2026-06-07,,All-Pro edge rusher and reigning Defensive Player of the Year,94,90,88,,,,,,,,96,88,,,,,,,,,,
trent-williams,Trent Williams,2023,SF,LT,,approved,ratings-committee,2026-06-07,,All-Pro left tackle,94,,92,,,,,,94,93,,,,,,,,,,,,
fred-warner,Fred Warner,2023,SF,LB,,approved,ratings-committee,2026-06-07,,All-Pro off-ball linebacker,92,88,,92,,,,,,,,90,92,88,,89,,,,,,
george-kittle,George Kittle,2023,SF,TE,,approved,ratings-committee,2026-06-07,,All-Pro tight end,91,,,,,,90,88,,88,,,,,,,88,,,,,
00-0015795,Michael Strahan,1996,NYG,EDGE,,approved,ratings-committee,2026-06-07,,Ascending full-time starting defensive end (pre-prime); future Hall of Famer,83,84,84,,,,,,,,84,82,,,,,,,,,,
00-0028986,Case Keenum,2017,MIN,QB,,approved,ratings-committee,2026-06-08,,"Career-best 2017 (13-3 Vikings) was a strong-starter season, not elite; otherwise a journeyman spot starter.",79,,,,,,,,,,,,,,,,,,,,,
00-0034342,Quenton Nelson,2022,IND,LG,,approved,ratings-committee,2026-06-08,,Multiple-time First-Team All-Pro guard; one of the NFL's premier interior offensive linemen.,92,,,,,,,,,,,,,,,,,,,,,
00-0037077,Sam Howell,2023,WAS,QB,,approved,ratings-committee,2026-06-08,,"High-volume but turnover- and sack-prone first full season; a replacement-level starter, not a star.",76,,,,,,,,,,,,,,,,,,,,,
00-0033886,T.J. Watt,2022,PIT,LB,,approved,ratings-committee,2026-06-08,,Perennial All-Pro and 2021 Defensive Player of the Year; elite edge rusher (2022 injury-shortened but dominant per game).,95,,90,,,,,,,,99,,92,,,,,,,,,
00-0031388,Aaron Donald,,,DT,,approved,ratings-committee,2026-06-08,,Three-time Defensive Player of the Year; the most dominant interior defender of his era.,99,,,,,,,,,,,,,,,,,,,,,
00-0017567,Reggie White,,,EDGE,,approved,ratings-committee,2026-06-08,,Two-time Defensive Player of the Year and all-time great pass rusher.,98,,,,,,,,,,,,,,,,,,,,,
00-0015111,Bruce Smith,,,EDGE,,approved,ratings-committee,2026-06-08,,NFL all-time sack leader; 11-time Pro Bowl edge rusher.,97,,,,,,,,,,,,,,,,,,,,,
00-0016128,Lawrence Taylor,,,LB,,approved,ratings-committee,2026-06-08,,Redefined edge pass rushing; three-time DPOY and 1986 NFL MVP.,99,,,,,,,,,,99,,95,,,,,,,,,
00-0011825,Anthony Munoz,,,LT,,approved,ratings-committee,2026-06-08,,Widely regarded as the greatest offensive tackle in NFL history.,98,,,,,,,,,,,,,,,,,,,,,
00-0014324,Deion Sanders,,,CB,,approved,ratings-committee,2026-06-08,,Premier shutdown cornerback; 1994 Defensive Player of the Year.,98,99,,,,,,,,,,,,,99,,,,,,,
00-0000217,Larry Allen,,,LT,,approved,ratings-committee,2026-06-08,,Hall of Fame guard/tackle; among the strongest linemen ever.,96,,,,,,,,,,,,,,,,,,,,,
00-0012322,Jonathan Ogden,,,LG,,approved,ratings-committee,2026-06-08,,Hall of Fame left tackle and franchise blindside protector.,96,,,,,,,,,,,,,,,,,,,,,
00-0014619,Junior Seau,,,LB,,approved,ratings-committee,2026-06-08,,12-time Pro Bowl off-ball linebacker with rare range.,95,,,,,,,,,,,,,,,,,,,,,
00-0018229,Rod Woodson,,,CB,,approved,ratings-committee,2026-06-08,,Hall of Fame cornerback/safety; NFL 75th Anniversary Team.,95,,,,,,,,,,,,,,,,,,,,,
00-0013405,John Randle,,,EDGE,,approved,ratings-committee,2026-06-08,,Hall of Fame interior pass rusher; relentless disruptor.,93,,,,,,,,,,,,,,,,,,,,,
00-0004396,Chris Doleman,,,LB,,approved,ratings-committee,2026-06-08,,Hall of Fame pass rusher with 150.5 career sacks.,92,,,,,,,,,,98,,,,,,,,,,,
00-0016112,Jason Taylor,,,EDGE,,approved,ratings-committee,2026-06-08,,Hall of Fame edge rusher; 2006 Defensive Player of the Year.,93,,,,,,,,,,,,,,,,,,,,,
00-0016344,Zach Thomas,,,LB,,approved,ratings-committee,2026-06-08,,Hall of Fame off-ball linebacker; instinctive tackling machine.,91,,,,,,,,,,,,,,,,,,,,,
00-0016248,Derrick Thomas,,,LB,,approved,ratings-committee,2026-06-08,,Nine-time Pro Bowl edge rusher; single-game sack record holder.,95,,,,,,,,,,99,,,,,,,,,,,
