priority,player_id,name,team_code,team_name,position,current_overall,suggested_overall,issue,reason,data_needed,confidence
1,00-0007530,Billy Joe Hobert,IND,Indianapolis Colts,QB,63,80,Starting-QB slot rated 63 on low-confidence evidence,QB is the most simulation-critical position; the room carried no recorded starts/box score to separate the starter from backups.,"Confirm the 2000 starter (games_started) or apply a curated override; rate the starter, leave backups lower.",low
1,00-0005902,Joe Germaine,LAR,St. Louis Rams,QB,71,80,Starting-QB slot rated 71 on low-confidence evidence,QB is the most simulation-critical position; the room carried no recorded starts/box score to separate the starter from backups.,"Confirm the 2000 starter (games_started) or apply a curated override; rate the starter, leave backups lower.",low
1,00-0013341,Mike Quinn,MIA,Miami Dolphins,QB,72,80,Starting-QB slot rated 72 on low-confidence evidence,QB is the most simulation-critical position; the room carried no recorded starts/box score to separate the starter from backups.,"Confirm the 2000 starter (games_started) or apply a curated override; rate the starter, leave backups lower.",low
1,00-0001545,Todd Bouman,MIN,Minnesota Vikings,QB,73,80,Starting-QB slot rated 73 on low-confidence evidence,QB is the most simulation-critical position; the room carried no recorded starts/box score to separate the starter from backups.,"Confirm the 2000 starter (games_started) or apply a curated override; rate the starter, leave backups lower.",low
1,00-0013186,Ron Powlus,PHI,Philadelphia Eagles,QB,70,80,Starting-QB slot rated 70 on low-confidence evidence,QB is the most simulation-critical position; the room carried no recorded starts/box score to separate the starter from backups.,"Confirm the 2000 starter (games_started) or apply a curated override; rate the starter, leave backups lower.",low
1,00-0018483,Eric Zeier,TB,Tampa Bay Buccaneers,QB,70,80,Starting-QB slot rated 70 on medium-confidence evidence,QB is the most simulation-critical position; the room carried no recorded starts/box score to separate the starter from backups.,"Confirm the 2000 starter (games_started) or apply a curated override; rate the starter, leave backups lower.",medium
1,00-0019041,Billy Volek,TEN,Tennessee Titans,QB,70,80,Starting-QB slot rated 70 on low-confidence evidence,QB is the most simulation-critical position; the room carried no recorded starts/box score to separate the starter from backups.,"Confirm the 2000 starter (games_started) or apply a curated override; rate the starter, leave backups lower.",low
1,00-0019667,Jerry Johnson,DEN,Denver Broncos,DT,75,,Defensive starter rated 75 on low-confidence evidence,Statless defensive group (no recorded starts/box score) — engine cannot confirm a rating this high without a human check.,"Recorded starts or box score (sacks/INT/tackles), or a curated override for a known starter.",low
1,00-0016044,Maa Tanuvasa,DEN,Denver Broncos,EDGE,75,,Defensive starter rated 75 on low-confidence evidence,Statless defensive group (no recorded starts/box score) — engine cannot confirm a rating this high without a human check.,"Recorded starts or box score (sacks/INT/tackles), or a curated override for a known starter.",low
1,00-0013471,Montae Reagor,DEN,Denver Broncos,DT,75,,Defensive starter rated 75 on low-confidence evidence,Statless defensive group (no recorded starts/box score) — engine cannot confirm a rating this high without a human check.,"Recorded starts or box score (sacks/INT/tackles), or a curated override for a known starter.",low
1,00-0019187,Brandon Miller,IND,Indianapolis Colts,DT,78,,Defensive starter rated 78 on low-confidence evidence,Statless defensive group (no recorded starts/box score) — engine cannot confirm a rating this high without a human check.,"Recorded starts or box score (sacks/INT/tackles), or a curated override for a known starter.",low
1,00-0019529,Josh Williams,IND,Indianapolis Colts,DT,76,,Defensive starter rated 76 on low-confidence evidence,Statless defensive group (no recorded starts/box score) — engine cannot confirm a rating this high without a human check.,"Recorded starts or box score (sacks/INT/tackles), or a curated override for a known starter.",low
1,00-0003139,Rich Coady,LAR,St. Louis Rams,CB,76,,Defensive starter rated 76 on low-confidence evidence,Statless defensive group (no recorded starts/box score) — engine cannot confirm a rating this high without a human check.,"Recorded starts or box score (sacks/INT/tackles), or a curated override for a known starter.",low
1,00-0000231,Taje Allen,LAR,St. Louis Rams,CB,75,,Defensive starter rated 75 on low-confidence evidence,Statless defensive group (no recorded starts/box score) — engine cannot confirm a rating this high without a human check.,"Recorded starts or box score (sacks/INT/tackles), or a curated override for a known starter.",low
1,00-0015329,Travian Smith,LV,Oakland Raiders,LB,76,,Defensive starter rated 76 on low-confidence evidence,Statless defensive group (no recorded starts/box score) — engine cannot confirm a rating this high without a human check.,"Recorded starts or box score (sacks/INT/tackles), or a curated override for a known starter.",low
1,00-0018036,Jerry Wilson,MIA,Miami Dolphins,CB,76,,Defensive starter rated 76 on low-confidence evidence,Statless defensive group (no recorded starts/box score) — engine cannot confirm a rating this high without a human check.,"Recorded starts or box score (sacks/INT/tackles), or a curated override for a known starter.",low
1,00-0001811,Lorenzo Bromell,MIA,Miami Dolphins,EDGE,78,,Defensive starter rated 78 on low-confidence evidence,Statless defensive group (no recorded starts/box score) — engine cannot confirm a rating this high without a human check.,"Recorded starts or box score (sacks/INT/tackles), or a curated override for a known starter.",low
1,00-0019247,Tommy Hendricks,MIA,Miami Dolphins,LB,76,,Defensive starter rated 76 on low-confidence evidence,Statless defensive group (no recorded starts/box score) — engine cannot confirm a rating this high without a human check.,"Recorded starts or box score (sacks/INT/tackles), or a curated override for a known starter.",low
1,00-0012679,Bryce Paup,MIN,Minnesota Vikings,LB,75,,Defensive starter rated 75 on low-confidence evidence,Statless defensive group (no recorded starts/box score) — engine cannot confirm a rating this high without a human check.,"Recorded starts or box score (sacks/INT/tackles), or a curated override for a known starter.",low
1,00-0012191,Gabe Northern,MIN,Minnesota Vikings,EDGE,78,,Defensive starter rated 78 on low-confidence evidence,Statless defensive group (no recorded starts/box score) — engine cannot confirm a rating this high without a human check.,"Recorded starts or box score (sacks/INT/tackles), or a curated override for a known starter.",low
1,00-0002332,John Burrough,MIN,Minnesota Vikings,EDGE,77,,Defensive starter rated 77 on low-confidence evidence,Statless defensive group (no recorded starts/box score) — engine cannot confirm a rating this high without a human check.,"Recorded starts or box score (sacks/INT/tackles), or a curated override for a known starter.",low
1,00-0012519,Mitch Palmer,MIN,Minnesota Vikings,LB,76,,Defensive starter rated 76 on low-confidence evidence,Statless defensive group (no recorded starts/box score) — engine cannot confirm a rating this high without a human check.,"Recorded starts or box score (sacks/INT/tackles), or a curated override for a known starter.",low
1,00-0017341,Fred Weary,NO,New Orleans Saints,CB,78,,Defensive starter rated 78 on low-confidence evidence,Statless defensive group (no recorded starts/box score) — engine cannot confirm a rating this high without a human check.,"Recorded starts or box score (sacks/INT/tackles), or a curated override for a known starter.",low
1,00-0019053,Steve Gleason,NO,New Orleans Saints,LB,76,,Defensive starter rated 76 on low-confidence evidence,Statless defensive group (no recorded starts/box score) — engine cannot confirm a rating this high without a human check.,"Recorded starts or box score (sacks/INT/tackles), or a curated override for a known starter.",low
1,00-0017585,Willie Whitehead,NO,New Orleans Saints,EDGE,76,,Defensive starter rated 76 on low-confidence evidence,Statless defensive group (no recorded starts/box score) — engine cannot confirm a rating this high without a human check.,"Recorded starts or box score (sacks/INT/tackles), or a curated override for a known starter.",low
1,00-0012841,Christian Peter,NYG,New York Giants,DT,77,,Defensive starter rated 77 on low-confidence evidence,Statless defensive group (no recorded starts/box score) — engine cannot confirm a rating this high without a human check.,"Recorded starts or box score (sacks/INT/tackles), or a curated override for a known starter.",low
1,00-0017799,George Williams,NYG,New York Giants,DT,77,,Defensive starter rated 77 on low-confidence evidence,Statless defensive group (no recorded starts/box score) — engine cannot confirm a rating this high without a human check.,"Recorded starts or box score (sacks/INT/tackles), or a curated override for a known starter.",low
1,00-0019045,Jack Golden,NYG,New York Giants,LB,78,,Defensive starter rated 78 on low-confidence evidence,Statless defensive group (no recorded starts/box score) — engine cannot confirm a rating this high without a human check.,"Recorded starts or box score (sacks/INT/tackles), or a curated override for a known starter.",low
1,00-0012940,Ryan Phillips,NYG,New York Giants,LB,76,,Defensive starter rated 76 on low-confidence evidence,Statless defensive group (no recorded starts/box score) — engine cannot confirm a rating this high without a human check.,"Recorded starts or box score (sacks/INT/tackles), or a curated override for a known starter.",low
1,00-0005763,Barry Gardner,PHI,Philadelphia Eagles,LB,76,,Defensive starter rated 76 on low-confidence evidence,Statless defensive group (no recorded starts/box score) — engine cannot confirm a rating this high without a human check.,"Recorded starts or box score (sacks/INT/tackles), or a curated override for a known starter.",low
1,00-0014991,Alshermond Singleton,TB,Tampa Bay Buccaneers,LB,75,,Defensive starter rated 75 on low-confidence evidence,Statless defensive group (no recorded starts/box score) — engine cannot confirm a rating this high without a human check.,"Recorded starts or box score (sacks/INT/tackles), or a curated override for a known starter.",low
1,00-0019562,Nate Webster,TB,Tampa Bay Buccaneers,LB,75,,Defensive starter rated 75 on low-confidence evidence,Statless defensive group (no recorded starts/box score) — engine cannot confirm a rating this high without a human check.,"Recorded starts or box score (sacks/INT/tackles), or a curated override for a known starter.",low
1,00-0019565,Bobby Myers,TEN,Tennessee Titans,S,78,,Defensive starter rated 78 on low-confidence evidence,Statless defensive group (no recorded starts/box score) — engine cannot confirm a rating this high without a human check.,"Recorded starts or box score (sacks/INT/tackles), or a curated override for a known starter.",low
1,00-0019665,Byron Frisch,TEN,Tennessee Titans,EDGE,76,,Defensive starter rated 76 on low-confidence evidence,Statless defensive group (no recorded starts/box score) — engine cannot confirm a rating this high without a human check.,"Recorded starts or box score (sacks/INT/tackles), or a curated override for a known starter.",low
1,00-0019570,Frank Chamberlin,TEN,Tennessee Titans,LB,76,,Defensive starter rated 76 on low-confidence evidence,Statless defensive group (no recorded starts/box score) — engine cannot confirm a rating this high without a human check.,"Recorded starts or box score (sacks/INT/tackles), or a curated override for a known starter.",low
1,00-0019588,Peter Sirmon,TEN,Tennessee Titans,LB,75,,Defensive starter rated 75 on low-confidence evidence,Statless defensive group (no recorded starts/box score) — engine cannot confirm a rating this high without a human check.,"Recorded starts or box score (sacks/INT/tackles), or a curated override for a known starter.",low
2,00-0019559,Chad Pennington,NYJ,New York Jets,QB,75,76,Starting-QB slot rated 75 on medium-confidence evidence,QB is the most simulation-critical position; the room carried no recorded starts/box score to separate the starter from backups.,"Confirm the 2000 starter (games_started) or apply a curated override; rate the starter, leave backups lower.",medium
2,00-0008708,Chris Jones,DEN,Denver Broncos,LB,76,,Defensive starter rated 76 on low-confidence evidence,Statless defensive group (no recorded starts/box score) — engine cannot confirm a rating this high without a human check.,"Recorded starts or box score (sacks/INT/tackles), or a curated override for a known starter.",low
2,00-0010455,Jamie Martin,JAX,Jacksonville Jaguars,QB,72,76,Starting-QB slot rated 72 on medium-confidence evidence,QB is the most simulation-critical position; the room carried no recorded starts/box score to separate the starter from backups.,"Confirm the 2000 starter (games_started) or apply a curated override; rate the starter, leave backups lower.",medium
2,00-0003315,Todd Collins,KC,Kansas City Chiefs,QB,70,76,Starting-QB slot rated 70 on low-confidence evidence,QB is the most simulation-critical position; the room carried no recorded starts/box score to separate the starter from backups.,"Confirm the 2000 starter (games_started) or apply a curated override; rate the starter, leave backups lower.",low
2,00-0016160,Trey Teague,DEN,Denver Broncos,LT,75,,LT rated 75 on low-confidence evidence,Engine flagged this rating as unconfirmed (no recorded starts/stats/awards).,"Any recorded starts, box score, or awards, or a curated override if a notable starter.",low
2,00-0019184,Ben Gilbert,IND,Indianapolis Colts,LG,76,,LG rated 76 on low-confidence evidence,Engine flagged this rating as unconfirmed (no recorded starts/stats/awards).,"Any recorded starts, box score, or awards, or a curated override if a notable starter.",low
2,00-0015471,Cameron Spikes,LAR,St. Louis Rams,LG,76,,LG rated 76 on low-confidence evidence,Engine flagged this rating as unconfirmed (no recorded starts/stats/awards).,"Any recorded starts, box score, or awards, or a curated override if a notable starter.",low
2,00-0012595,Nathan Parks,LV,Oakland Raiders,LG,78,,LG rated 78 on low-confidence evidence,Engine flagged this rating as unconfirmed (no recorded starts/stats/awards).,"Any recorded starts, box score, or awards, or a curated override if a notable starter.",low
2,00-0015107,Brent Smith,MIA,Miami Dolphins,LT,78,,LT rated 78 on low-confidence evidence,Engine flagged this rating as unconfirmed (no recorded starts/stats/awards).,"Any recorded starts, box score, or awards, or a curated override if a notable starter.",low
2,00-0006799,Chris Hanson,MIA,Miami Dolphins,P,76,,P rated 76 on low-confidence evidence,Engine flagged this rating as unconfirmed (no recorded starts/stats/awards).,"Any recorded starts, box score, or awards, or a curated override if a notable starter.",low
2,00-0019705,Todd Wade,MIA,Miami Dolphins,LT,75,,LT rated 75 on low-confidence evidence,Engine flagged this rating as unconfirmed (no recorded starts/stats/awards).,"Any recorded starts, box score, or awards, or a curated override if a notable starter.",low
2,00-0000576,Brad Badger,MIN,Minnesota Vikings,LG,76,,LG rated 76 on low-confidence evidence,Engine flagged this rating as unconfirmed (no recorded starts/stats/awards).,"Any recorded starts, box score, or awards, or a curated override if a notable starter.",low
2,00-0018973,Lewis Kelly,MIN,Minnesota Vikings,LG,76,,LG rated 76 on low-confidence evidence,Engine flagged this rating as unconfirmed (no recorded starts/stats/awards).,"Any recorded starts, box score, or awards, or a curated override if a notable starter.",low
2,00-0019042,Chris Bober,NYG,New York Giants,LT,78,,LT rated 78 on low-confidence evidence,Engine flagged this rating as unconfirmed (no recorded starts/stats/awards).,"Any recorded starts, box score, or awards, or a curated override if a notable starter.",low
2,00-0007655,Jaret Holmes,NYG,New York Giants,K,75,,K rated 75 on low-confidence evidence,Engine flagged this rating as unconfirmed (no recorded starts/stats/awards).,"Any recorded starts, box score, or awards, or a curated override if a notable starter.",low
2,00-0019611,Corey Moore,BUF,Buffalo Bills,LB,77,,Defensive starter rated 77 on low-confidence evidence,Statless defensive group (no recorded starts/box score) — engine cannot confirm a rating this high without a human check.,"Recorded starts or box score (sacks/INT/tackles), or a curated override for a known starter.",low
2,00-0005434,Jay Foreman,BUF,Buffalo Bills,LB,77,,Defensive starter rated 77 on low-confidence evidence,Statless defensive group (no recorded starts/box score) — engine cannot confirm a rating this high without a human check.,"Recorded starts or box score (sacks/INT/tackles), or a curated override for a known starter.",low
2,00-0007450,Raion Hill,BUF,Buffalo Bills,S,75,,Defensive starter rated 75 on low-confidence evidence,Statless defensive group (no recorded starts/box score) — engine cannot confirm a rating this high without a human check.,"Recorded starts or box score (sacks/INT/tackles), or a curated override for a known starter.",low
2,00-0019656,Travares Tillman,BUF,Buffalo Bills,S,76,,Defensive starter rated 76 on low-confidence evidence,Statless defensive group (no recorded starts/box score) — engine cannot confirm a rating this high without a human check.,"Recorded starts or box score (sacks/INT/tackles), or a curated override for a known starter.",low
2,00-0019608,Barrett Green,DET,Detroit Lions,LB,77,,Defensive starter rated 77 on low-confidence evidence,Statless defensive group (no recorded starts/box score) — engine cannot confirm a rating this high without a human check.,"Recorded starts or box score (sacks/INT/tackles), or a curated override for a known starter.",low
2,00-0009477,Clint Kriewaldt,DET,Detroit Lions,LB,77,,Defensive starter rated 77 on low-confidence evidence,Statless defensive group (no recorded starts/box score) — engine cannot confirm a rating this high without a human check.,"Recorded starts or box score (sacks/INT/tackles), or a curated override for a known starter.",low
2,00-0004242,Jared DeVries,DET,Detroit Lions,EDGE,77,,Defensive starter rated 77 on low-confidence evidence,Statless defensive group (no recorded starts/box score) — engine cannot confirm a rating this high without a human check.,"Recorded starts or box score (sacks/INT/tackles), or a curated override for a known starter.",low
2,00-0009438,Scott Kowalkowski,DET,Detroit Lions,LB,76,,Defensive starter rated 76 on low-confidence evidence,Statless defensive group (no recorded starts/box score) — engine cannot confirm a rating this high without a human check.,"Recorded starts or box score (sacks/INT/tackles), or a curated override for a known starter.",low
2,00-0009305,Travis Kirschke,DET,Detroit Lions,EDGE,76,,Defensive starter rated 76 on low-confidence evidence,Statless defensive group (no recorded starts/box score) — engine cannot confirm a rating this high without a human check.,"Recorded starts or box score (sacks/INT/tackles), or a curated override for a known starter.",low
2,00-0017737,Brian Williams,GB,Green Bay Packers,LB,75,,Defensive starter rated 75 on low-confidence evidence,Statless defensive group (no recorded starts/box score) — engine cannot confirm a rating this high without a human check.,"Recorded starts or box score (sacks/INT/tackles), or a curated override for a known starter.",low
2,00-0000112,Chris Akins,GB,Green Bay Packers,S,76,,Defensive starter rated 76 on low-confidence evidence,Statless defensive group (no recorded starts/box score) — engine cannot confirm a rating this high without a human check.,"Recorded starts or box score (sacks/INT/tackles), or a curated override for a known starter.",low
2,00-0001563,David Bowens,GB,Green Bay Packers,EDGE,75,,Defensive starter rated 75 on low-confidence evidence,Statless defensive group (no recorded starts/box score) — engine cannot confirm a rating this high without a human check.,"Recorded starts or box score (sacks/INT/tackles), or a curated override for a known starter.",low
2,00-0004038,Rob Davis,GB,Green Bay Packers,DT,75,,Defensive starter rated 75 on low-confidence evidence,Statless defensive group (no recorded starts/box score) — engine cannot confirm a rating this high without a human check.,"Recorded starts or box score (sacks/INT/tackles), or a curated override for a known starter.",low
2,00-0010491,Russell Maryland,GB,Green Bay Packers,DT,76,,Defensive starter rated 76 on low-confidence evidence,Statless defensive group (no recorded starts/box score) — engine cannot confirm a rating this high without a human check.,"Recorded starts or box score (sacks/INT/tackles), or a curated override for a known starter.",low
2,00-0018969,Erik Olson,JAX,Jacksonville Jaguars,S,76,,Defensive starter rated 76 on low-confidence evidence,Statless defensive group (no recorded starts/box score) — engine cannot confirm a rating this high without a human check.,"Recorded starts or box score (sacks/INT/tackles), or a curated override for a known starter.",low
2,00-0019485,Kiwaukee Thomas,JAX,Jacksonville Jaguars,CB,75,,Defensive starter rated 75 on low-confidence evidence,Statless defensive group (no recorded starts/box score) — engine cannot confirm a rating this high without a human check.,"Recorded starts or box score (sacks/INT/tackles), or a curated override for a known starter.",low
2,00-0010486,Lonnie Marts,JAX,Jacksonville Jaguars,LB,77,,Defensive starter rated 77 on low-confidence evidence,Statless defensive group (no recorded starts/box score) — engine cannot confirm a rating this high without a human check.,"Recorded starts or box score (sacks/INT/tackles), or a curated override for a known starter.",low
2,00-0012751,Troy Pelshak,JAX,Jacksonville Jaguars,LB,77,,Defensive starter rated 77 on low-confidence evidence,Statless defensive group (no recorded starts/box score) — engine cannot confirm a rating this high without a human check.,"Recorded starts or box score (sacks/INT/tackles), or a curated override for a known starter.",low
2,00-0000488,Larry Atkins,KC,Kansas City Chiefs,S,75,,Defensive starter rated 75 on low-confidence evidence,Statless defensive group (no recorded starts/box score) — engine cannot confirm a rating this high without a human check.,"Recorded starts or box score (sacks/INT/tackles), or a curated override for a known starter.",low
2,00-0010472,Steve Martin,KC,Kansas City Chiefs,DT,77,,Defensive starter rated 77 on low-confidence evidence,Statless defensive group (no recorded starts/box score) — engine cannot confirm a rating this high without a human check.,"Recorded starts or box score (sacks/INT/tackles), or a curated override for a known starter.",low
2,00-0007143,Chris Hayes,NYJ,New York Jets,S,75,,Defensive starter rated 75 on low-confidence evidence,Statless defensive group (no recorded starts/box score) — engine cannot confirm a rating this high without a human check.,"Recorded starts or box score (sacks/INT/tackles), or a curated override for a known starter.",low
2,00-0010028,Ernie Logan,NYJ,New York Jets,DT,77,,Defensive starter rated 77 on low-confidence evidence,Statless defensive group (no recorded starts/box score) — engine cannot confirm a rating this high without a human check.,"Recorded starts or box score (sacks/INT/tackles), or a curated override for a known starter.",low
2,00-0019202,Maurice Anderson,NYJ,New York Jets,EDGE,75,,Defensive starter rated 75 on low-confidence evidence,Statless defensive group (no recorded starts/box score) — engine cannot confirm a rating this high without a human check.,"Recorded starts or box score (sacks/INT/tackles), or a curated override for a known starter.",low
2,00-0019129,Ainsley Battles,PIT,Pittsburgh Steelers,S,75,,Defensive starter rated 75 on low-confidence evidence,Statless defensive group (no recorded starts/box score) — engine cannot confirm a rating this high without a human check.,"Recorded starts or box score (sacks/INT/tackles), or a curated override for a known starter.",low
2,00-0015506,Jeremy Staat,PIT,Pittsburgh Steelers,EDGE,77,,Defensive starter rated 77 on low-confidence evidence,Statless defensive group (no recorded starts/box score) — engine cannot confirm a rating this high without a human check.,"Recorded starts or box score (sacks/INT/tackles), or a curated override for a known starter.",low
2,00-0019018,Josh Symonette,WAS,Washington Redskins,S,76,,Defensive starter rated 76 on low-confidence evidence,Statless defensive group (no recorded starts/box score) — engine cannot confirm a rating this high without a human check.,"Recorded starts or box score (sacks/INT/tackles), or a curated override for a known starter.",low
2,00-0010706,Tyrus McCloud,WAS,Washington Redskins,LB,77,,Defensive starter rated 77 on low-confidence evidence,Statless defensive group (no recorded starts/box score) — engine cannot confirm a rating this high without a human check.,"Recorded starts or box score (sacks/INT/tackles), or a curated override for a known starter.",low
3,00-0015194,Hunter Smith,IND,Indianapolis Colts,P,76,,P rated 76 on low-confidence evidence,Engine flagged this rating as unconfirmed (no recorded starts/stats/awards).,"Any recorded starts, box score, or awards, or a curated override if a notable starter.",low
3,00-0006181,Toby Gowin,NO,New Orleans Saints,P,75,,P rated 75 on low-confidence evidence,Engine flagged this rating as unconfirmed (no recorded starts/stats/awards).,"Any recorded starts, box score, or awards, or a curated override if a notable starter.",low
3,00-0014115,Mark Royals,TB,Tampa Bay Buccaneers,P,76,,P rated 76 on low-confidence evidence,Engine flagged this rating as unconfirmed (no recorded starts/stats/awards).,"Any recorded starts, box score, or awards, or a curated override if a notable starter.",low
3,00-0006410,Chris Greisen,ARI,Arizona Cardinals,QB,73,,Starting-QB slot rated 73 on medium-confidence evidence,QB is the most simulation-critical position; the room carried no recorded starts/box score to separate the starter from backups.,"Confirm the 2000 starter (games_started) or apply a curated override; rate the starter, leave backups lower.",medium
3,00-0019278,Kevin Thompson,CLE,Cleveland Browns,QB,73,,Starting-QB slot rated 73 on medium-confidence evidence,QB is the most simulation-critical position; the room carried no recorded starts/box score to separate the starter from backups.,"Confirm the 2000 starter (games_started) or apply a curated override; rate the starter, leave backups lower.",medium
3,00-0019442,Clint Stoerner,DAL,Dallas Cowboys,QB,72,,Starting-QB slot rated 72 on medium-confidence evidence,QB is the most simulation-critical position; the room carried no recorded starts/box score to separate the starter from backups.,"Confirm the 2000 starter (games_started) or apply a curated override; rate the starter, leave backups lower.",medium
3,00-0006149,Dwayne Gordon,NYJ,New York Jets,LB,75,,Defensive starter rated 75 on low-confidence evidence,Statless defensive group (no recorded starts/box score) — engine cannot confirm a rating this high without a human check.,"Recorded starts or box score (sacks/INT/tackles), or a curated override for a known starter.",low
3,00-0019124,Earthwind Moreland,NYJ,New York Jets,CB,76,,Defensive starter rated 76 on low-confidence evidence,Statless defensive group (no recorded starts/box score) — engine cannot confirm a rating this high without a human check.,"Recorded starts or box score (sacks/INT/tackles), or a curated override for a known starter.",low
3,00-0018963,Tony Scott,NYJ,New York Jets,CB,75,,Defensive starter rated 75 on low-confidence evidence,Statless defensive group (no recorded starts/box score) — engine cannot confirm a rating this high without a human check.,"Recorded starts or box score (sacks/INT/tackles), or a curated override for a known starter.",low
3,00-0002180,Curtis Buckley,WAS,Washington Redskins,CB,75,,Defensive starter rated 75 on low-confidence evidence,Statless defensive group (no recorded starts/box score) — engine cannot confirm a rating this high without a human check.,"Recorded starts or box score (sacks/INT/tackles), or a curated override for a known starter.",low
3,00-0004519,Tyronne Drakeford,WAS,Washington Redskins,CB,75,,Defensive starter rated 75 on low-confidence evidence,Statless defensive group (no recorded starts/box score) — engine cannot confirm a rating this high without a human check.,"Recorded starts or box score (sacks/INT/tackles), or a curated override for a known starter.",low
3,00-0000240,Victor Allotey,BUF,Buffalo Bills,LG,76,,LG rated 76 on low-confidence evidence,Engine flagged this rating as unconfirmed (no recorded starts/stats/awards).,"Any recorded starts, box score, or awards, or a curated override if a notable starter.",low
3,00-0019730,Anthony Lucas,GB,Green Bay Packers,WR,76,,Skill player rated 76 on low-confidence evidence,No box-score production on file to confirm a rating this high.,"Box-score stats or recorded starts, or a curated override for a known contributor.",low
3,00-0019616,Richard Mercier,GB,Green Bay Packers,LG,75,,LG rated 75 on low-confidence evidence,Engine flagged this rating as unconfirmed (no recorded starts/stats/awards).,"Any recorded starts, box score, or awards, or a curated override if a notable starter.",low
3,00-0019316,Aaron Koch,JAX,Jacksonville Jaguars,LG,77,,LG rated 77 on low-confidence evidence,Engine flagged this rating as unconfirmed (no recorded starts/stats/awards).,"Any recorded starts, box score, or awards, or a curated override if a notable starter.",low
3,00-0015522,Brenden Stai,JAX,Jacksonville Jaguars,LG,76,,LG rated 76 on low-confidence evidence,Engine flagged this rating as unconfirmed (no recorded starts/stats/awards).,"Any recorded starts, box score, or awards, or a curated override if a notable starter.",low
3,00-0019419,Gannon Shepherd,JAX,Jacksonville Jaguars,LT,75,,LT rated 75 on low-confidence evidence,Engine flagged this rating as unconfirmed (no recorded starts/stats/awards).,"Any recorded starts, box score, or awards, or a curated override if a notable starter.",low
3,00-0015207,Jeff Smith,JAX,Jacksonville Jaguars,C,78,,C rated 78 on low-confidence evidence,Engine flagged this rating as unconfirmed (no recorded starts/stats/awards).,"Any recorded starts, box score, or awards, or a curated override if a notable starter.",low
3,00-0016051,Jim Tarle,JAX,Jacksonville Jaguars,K,76,,K rated 76 on low-confidence evidence,Engine flagged this rating as unconfirmed (no recorded starts/stats/awards).,"Any recorded starts, box score, or awards, or a curated override if a notable starter.",low
3,00-0012037,Quentin Neujahr,JAX,Jacksonville Jaguars,C,76,,C rated 76 on low-confidence evidence,Engine flagged this rating as unconfirmed (no recorded starts/stats/awards).,"Any recorded starts, box score, or awards, or a curated override if a notable starter.",low
3,00-0000727,Brad Banta,NYJ,New York Jets,TE,75,,Skill player rated 75 on low-confidence evidence,No box-score production on file to confirm a rating this high.,"Box-score stats or recorded starts, or a curated override for a known contributor.",low
3,00-0016198,Larry Tharpe,PIT,Pittsburgh Steelers,LT,77,,LT rated 77 on low-confidence evidence,Engine flagged this rating as unconfirmed (no recorded starts/stats/awards).,"Any recorded starts, box score, or awards, or a curated override if a notable starter.",low
3,00-0004586,Roger Duffy,PIT,Pittsburgh Steelers,C,77,,C rated 77 on low-confidence evidence,Engine flagged this rating as unconfirmed (no recorded starts/stats/awards).,"Any recorded starts, box score, or awards, or a curated override if a notable starter.",low
3,00-0012400,Tony Orlandini,PIT,Pittsburgh Steelers,LT,75,,LT rated 75 on low-confidence evidence,Engine flagged this rating as unconfirmed (no recorded starts/stats/awards).,"Any recorded starts, box score, or awards, or a curated override if a notable starter.",low
3,00-0015150,Derek G. Smith,WAS,Washington Redskins,LG,76,,LG rated 76 on low-confidence evidence,Engine flagged this rating as unconfirmed (no recorded starts/stats/awards).,"Any recorded starts, box score, or awards, or a curated override if a notable starter.",low
3,00-0005318,Derrick Fletcher,WAS,Washington Redskins,LG,76,,LG rated 76 on low-confidence evidence,Engine flagged this rating as unconfirmed (no recorded starts/stats/awards).,"Any recorded starts, box score, or awards, or a curated override if a notable starter.",low
3,00-0014960,Keith Sims,WAS,Washington Redskins,LG,78,,LG rated 78 on low-confidence evidence,Engine flagged this rating as unconfirmed (no recorded starts/stats/awards).,"Any recorded starts, box score, or awards, or a curated override if a notable starter.",low
3,00-0019477,Mookie Moore,WAS,Washington Redskins,LG,77,,LG rated 77 on low-confidence evidence,Engine flagged this rating as unconfirmed (no recorded starts/stats/awards).,"Any recorded starts, box score, or awards, or a curated override if a notable starter.",low
3,00-0001138,Scott Bentley,WAS,Washington Redskins,K,75,,K rated 75 on low-confidence evidence,Engine flagged this rating as unconfirmed (no recorded starts/stats/awards).,"Any recorded starts, box score, or awards, or a curated override if a notable starter.",low
3,00-0013623,Coby Rhinehart,ARI,Arizona Cardinals,CB,75,,Defensive starter rated 75 on low-confidence evidence,Statless defensive group (no recorded starts/box score) — engine cannot confirm a rating this high without a human check.,"Recorded starts or box score (sacks/INT/tackles), or a curated override for a known starter.",low
3,00-0005392,James Folston,ARI,Arizona Cardinals,LB,75,,Defensive starter rated 75 on low-confidence evidence,Statless defensive group (no recorded starts/box score) — engine cannot confirm a rating this high without a human check.,"Recorded starts or box score (sacks/INT/tackles), or a curated override for a known starter.",low
3,00-0018563,Justin Lucas,ARI,Arizona Cardinals,CB,75,,Defensive starter rated 75 on low-confidence evidence,Statless defensive group (no recorded starts/box score) — engine cannot confirm a rating this high without a human check.,"Recorded starts or box score (sacks/INT/tackles), or a curated override for a known starter.",low
3,00-0015255,Mark Smith,ARI,Arizona Cardinals,DT,77,,Defensive starter rated 77 on low-confidence evidence,Statless defensive group (no recorded starts/box score) — engine cannot confirm a rating this high without a human check.,"Recorded starts or box score (sacks/INT/tackles), or a curated override for a known starter.",low
3,00-0008934,Antony Jordan,ATL,Atlanta Falcons,LB,76,,Defensive starter rated 76 on low-confidence evidence,Statless defensive group (no recorded starts/box score) — engine cannot confirm a rating this high without a human check.,"Recorded starts or box score (sacks/INT/tackles), or a curated override for a known starter.",low
3,00-0001502,Chris Bordano,ATL,Atlanta Falcons,LB,77,,Defensive starter rated 77 on low-confidence evidence,Statless defensive group (no recorded starts/box score) — engine cannot confirm a rating this high without a human check.,"Recorded starts or box score (sacks/INT/tackles), or a curated override for a known starter.",low
3,00-0003660,Henri Crockett,ATL,Atlanta Falcons,LB,76,,Defensive starter rated 76 on low-confidence evidence,Statless defensive group (no recorded starts/box score) — engine cannot confirm a rating this high without a human check.,"Recorded starts or box score (sacks/INT/tackles), or a curated override for a known starter.",low
3,00-0009110,Jeff Kelly,ATL,Atlanta Falcons,LB,78,,Defensive starter rated 78 on low-confidence evidence,Statless defensive group (no recorded starts/box score) — engine cannot confirm a rating this high without a human check.,"Recorded starts or box score (sacks/INT/tackles), or a curated override for a known starter.",low
3,00-0002775,Johndale Carty,ATL,Atlanta Falcons,S,76,,Defensive starter rated 76 on low-confidence evidence,Statless defensive group (no recorded starts/box score) — engine cannot confirm a rating this high without a human check.,"Recorded starts or box score (sacks/INT/tackles), or a curated override for a known starter.",low
3,00-0018957,Mark Simoneau,ATL,Atlanta Falcons,LB,78,,Defensive starter rated 78 on low-confidence evidence,Statless defensive group (no recorded starts/box score) — engine cannot confirm a rating this high without a human check.,"Recorded starts or box score (sacks/INT/tackles), or a curated override for a known starter.",low
3,00-0015957,Shawn Swayda,ATL,Atlanta Falcons,DT,76,,Defensive starter rated 76 on low-confidence evidence,Statless defensive group (no recorded starts/box score) — engine cannot confirm a rating this high without a human check.,"Recorded starts or box score (sacks/INT/tackles), or a curated override for a known starter.",low
3,00-0019624,Lester Towns,CAR,Carolina Panthers,LB,78,,Defensive starter rated 78 on low-confidence evidence,Statless defensive group (no recorded starts/box score) — engine cannot confirm a rating this high without a human check.,"Recorded starts or box score (sacks/INT/tackles), or a curated override for a known starter.",low
3,00-0003857,Robert Daniel,CAR,Carolina Panthers,EDGE,78,,Defensive starter rated 78 on low-confidence evidence,Statless defensive group (no recorded starts/box score) — engine cannot confirm a rating this high without a human check.,"Recorded starts or box score (sacks/INT/tackles), or a curated override for a known starter.",low
3,00-0007788,Bobbie Howard,CHI,Chicago Bears,LB,76,,Defensive starter rated 76 on low-confidence evidence,Statless defensive group (no recorded starts/box score) — engine cannot confirm a rating this high without a human check.,"Recorded starts or box score (sacks/INT/tackles), or a curated override for a known starter.",low
3,00-0014894,Clyde Simmons,CHI,Chicago Bears,EDGE,76,,Defensive starter rated 76 on low-confidence evidence,Statless defensive group (no recorded starts/box score) — engine cannot confirm a rating this high without a human check.,"Recorded starts or box score (sacks/INT/tackles), or a curated override for a known starter.",low
3,00-0005244,Charles Fisher,CIN,Cincinnati Bengals,CB,76,,Defensive starter rated 76 on low-confidence evidence,Statless defensive group (no recorded starts/box score) — engine cannot confirm a rating this high without a human check.,"Recorded starts or box score (sacks/INT/tackles), or a curated override for a known starter.",low
3,00-0000725,Michael Bankston,CIN,Cincinnati Bengals,EDGE,78,,Defensive starter rated 78 on low-confidence evidence,Statless defensive group (no recorded starts/box score) — engine cannot confirm a rating this high without a human check.,"Recorded starts or box score (sacks/INT/tackles), or a curated override for a known starter.",low
3,00-0006724,Michael Hamilton,CLE,Cleveland Browns,LB,76,,Defensive starter rated 76 on low-confidence evidence,Statless defensive group (no recorded starts/box score) — engine cannot confirm a rating this high without a human check.,"Recorded starts or box score (sacks/INT/tackles), or a curated override for a known starter.",low
3,00-0016399,Mike Thompson,CLE,Cleveland Browns,DT,75,,Defensive starter rated 75 on low-confidence evidence,Statless defensive group (no recorded starts/box score) — engine cannot confirm a rating this high without a human check.,"Recorded starts or box score (sacks/INT/tackles), or a curated override for a known starter.",low
3,00-0019615,Todd Franz,CLE,Cleveland Browns,CB,77,,Defensive starter rated 77 on low-confidence evidence,Statless defensive group (no recorded starts/box score) — engine cannot confirm a rating this high without a human check.,"Recorded starts or box score (sacks/INT/tackles), or a curated override for a known starter.",low
3,00-0013986,Tyrone Rogers,CLE,Cleveland Browns,DT,76,,Defensive starter rated 76 on low-confidence evidence,Statless defensive group (no recorded starts/box score) — engine cannot confirm a rating this high without a human check.,"Recorded starts or box score (sacks/INT/tackles), or a curated override for a known starter.",low
3,00-0019425,Aaron Fields,DAL,Dallas Cowboys,EDGE,76,,Defensive starter rated 76 on low-confidence evidence,Statless defensive group (no recorded starts/box score) — engine cannot confirm a rating this high without a human check.,"Recorded starts or box score (sacks/INT/tackles), or a curated override for a known starter.",low
3,00-0018998,Earl Riley,DAL,Dallas Cowboys,S,78,,Defensive starter rated 78 on low-confidence evidence,Statless defensive group (no recorded starts/box score) — engine cannot confirm a rating this high without a human check.,"Recorded starts or box score (sacks/INT/tackles), or a curated override for a known starter.",low
3,00-0011885,Greg Myers,DAL,Dallas Cowboys,S,76,,Defensive starter rated 76 on low-confidence evidence,Statless defensive group (no recorded starts/box score) — engine cannot confirm a rating this high without a human check.,"Recorded starts or box score (sacks/INT/tackles), or a curated override for a known starter.",low
3,00-0011886,Michael Myers,DAL,Dallas Cowboys,DT,77,,Defensive starter rated 77 on low-confidence evidence,Statless defensive group (no recorded starts/box score) — engine cannot confirm a rating this high without a human check.,"Recorded starts or box score (sacks/INT/tackles), or a curated override for a known starter.",low
3,00-0014420,Noel Scarlett,DAL,Dallas Cowboys,DT,77,,Defensive starter rated 77 on low-confidence evidence,Statless defensive group (no recorded starts/box score) — engine cannot confirm a rating this high without a human check.,"Recorded starts or box score (sacks/INT/tackles), or a curated override for a known starter.",low
3,00-0014939,Antoine Simpson,LAC,San Diego Chargers,DT,76,,Defensive starter rated 76 on low-confidence evidence,Statless defensive group (no recorded starts/box score) — engine cannot confirm a rating this high without a human check.,"Recorded starts or box score (sacks/INT/tackles), or a curated override for a known starter.",low
3,00-0009034,Andy Katzenmoyer,NE,New England Patriots,LB,76,,Defensive starter rated 76 on low-confidence evidence,Statless defensive group (no recorded starts/box score) — engine cannot confirm a rating this high without a human check.,"Recorded starts or box score (sacks/INT/tackles), or a curated override for a known starter.",low
3,00-0003837,Antico Dalton,NE,New England Patriots,LB,76,,Defensive starter rated 76 on low-confidence evidence,Statless defensive group (no recorded starts/box score) — engine cannot confirm a rating this high without a human check.,"Recorded starts or box score (sacks/INT/tackles), or a curated override for a known starter.",low
3,00-0019592,Antwan Harris,NE,New England Patriots,CB,77,,Defensive starter rated 77 on low-confidence evidence,Statless defensive group (no recorded starts/box score) — engine cannot confirm a rating this high without a human check.,"Recorded starts or box score (sacks/INT/tackles), or a curated override for a known starter.",low
3,00-0012423,Chuck Osborne,NE,New England Patriots,DT,78,,Defensive starter rated 78 on low-confidence evidence,Statless defensive group (no recorded starts/box score) — engine cannot confirm a rating this high without a human check.,"Recorded starts or box score (sacks/INT/tackles), or a curated override for a known starter.",low
3,00-0008507,Garrett Johnson,NE,New England Patriots,DT,78,,Defensive starter rated 78 on low-confidence evidence,Statless defensive group (no recorded starts/box score) — engine cannot confirm a rating this high without a human check.,"Recorded starts or box score (sacks/INT/tackles), or a curated override for a known starter.",low
3,00-0017501,Larry Whigham,NE,New England Patriots,S,77,,Defensive starter rated 77 on low-confidence evidence,Statless defensive group (no recorded starts/box score) — engine cannot confirm a rating this high without a human check.,"Recorded starts or box score (sacks/INT/tackles), or a curated override for a known starter.",low
3,00-0019213,Lonie Paxton,NE,New England Patriots,LB,75,,Defensive starter rated 75 on low-confidence evidence,Statless defensive group (no recorded starts/box score) — engine cannot confirm a rating this high without a human check.,"Recorded starts or box score (sacks/INT/tackles), or a curated override for a known starter.",low
3,00-0015674,Matt Stevens,NE,New England Patriots,S,76,,Defensive starter rated 76 on low-confidence evidence,Statless defensive group (no recorded starts/box score) — engine cannot confirm a rating this high without a human check.,"Recorded starts or box score (sacks/INT/tackles), or a curated override for a known starter.",low
3,00-0003161,Antonio Cochran,SEA,Seattle Seahawks,EDGE,78,,Defensive starter rated 78 on low-confidence evidence,Statless defensive group (no recorded starts/box score) — engine cannot confirm a rating this high without a human check.,"Recorded starts or box score (sacks/INT/tackles), or a curated override for a known starter.",low
3,00-0019418,Dwan Epps,SEA,Seattle Seahawks,LB,75,,Defensive starter rated 75 on low-confidence evidence,Statless defensive group (no recorded starts/box score) — engine cannot confirm a rating this high without a human check.,"Recorded starts or box score (sacks/INT/tackles), or a curated override for a known starter.",low
3,00-0019474,Isaiah Kacyvenski,SEA,Seattle Seahawks,LB,76,,Defensive starter rated 76 on low-confidence evidence,Statless defensive group (no recorded starts/box score) — engine cannot confirm a rating this high without a human check.,"Recorded starts or box score (sacks/INT/tackles), or a curated override for a known starter.",low
3,00-0009115,Maurice Kelly,SEA,Seattle Seahawks,S,77,,Defensive starter rated 77 on low-confidence evidence,Statless defensive group (no recorded starts/box score) — engine cannot confirm a rating this high without a human check.,"Recorded starts or box score (sacks/INT/tackles), or a curated override for a known starter.",low
3,00-0019495,Tim Watson,SEA,Seattle Seahawks,DT,76,,Defensive starter rated 76 on low-confidence evidence,Statless defensive group (no recorded starts/box score) — engine cannot confirm a rating this high without a human check.,"Recorded starts or box score (sacks/INT/tackles), or a curated override for a known starter.",low
3,00-0013029,Anthony Pleasant,SF,San Francisco 49ers,EDGE,75,,Defensive starter rated 75 on low-confidence evidence,Statless defensive group (no recorded starts/box score) — engine cannot confirm a rating this high without a human check.,"Recorded starts or box score (sacks/INT/tackles), or a curated override for a known starter.",low
3,00-0013141,Jeff Posey,SF,San Francisco 49ers,LB,77,,Defensive starter rated 77 on low-confidence evidence,Statless defensive group (no recorded starts/box score) — engine cannot confirm a rating this high without a human check.,"Recorded starts or box score (sacks/INT/tackles), or a curated override for a known starter.",low
3,00-0019612,John Keith,SF,San Francisco 49ers,S,78,,Defensive starter rated 78 on low-confidence evidence,Statless defensive group (no recorded starts/box score) — engine cannot confirm a rating this high without a human check.,"Recorded starts or box score (sacks/INT/tackles), or a curated override for a known starter.",low
4,00-0009492,Brad Kubik,KC,Kansas City Chiefs,LG,75,,LG rated 75 on low-confidence evidence,Engine flagged this rating as unconfirmed (no recorded starts/stats/awards).,"Any recorded starts, box score, or awards, or a curated override if a notable starter.",low
4,00-0001835,Ethan Brooks,ARI,Arizona Cardinals,LT,77,,LT rated 77 on low-confidence evidence,Engine flagged this rating as unconfirmed (no recorded starts/stats/awards).,"Any recorded starts, box score, or awards, or a curated override if a notable starter.",low
4,00-0008950,Matt Joyce,ARI,Arizona Cardinals,LG,77,,LG rated 77 on low-confidence evidence,Engine flagged this rating as unconfirmed (no recorded starts/stats/awards).,"Any recorded starts, box score, or awards, or a curated override if a notable starter.",low
4,00-0006688,Bob Hallen,ATL,Atlanta Falcons,LG,76,,LG rated 76 on low-confidence evidence,Engine flagged this rating as unconfirmed (no recorded starts/stats/awards).,"Any recorded starts, box score, or awards, or a curated override if a notable starter.",low
4,00-0015842,Dan Stryzinski,ATL,Atlanta Falcons,P,77,,P rated 77 on low-confidence evidence,Engine flagged this rating as unconfirmed (no recorded starts/stats/awards).,"Any recorded starts, box score, or awards, or a curated override if a notable starter.",low
4,00-0014255,Ephraim Salaam,ATL,Atlanta Falcons,LT,76,,LT rated 76 on low-confidence evidence,Engine flagged this rating as unconfirmed (no recorded starts/stats/awards).,"Any recorded starts, box score, or awards, or a curated override if a notable starter.",low
4,00-0019086,Ryan Johanningmeier,ATL,Atlanta Falcons,LT,75,,LT rated 75 on low-confidence evidence,Engine flagged this rating as unconfirmed (no recorded starts/stats/awards).,"Any recorded starts, box score, or awards, or a curated override if a notable starter.",low
4,00-0008711,Clarence Jones,CAR,Carolina Panthers,LT,77,,LT rated 77 on low-confidence evidence,Engine flagged this rating as unconfirmed (no recorded starts/stats/awards).,"Any recorded starts, box score, or awards, or a curated override if a notable starter.",low
4,00-0012023,Jamar Nesbit,CAR,Carolina Panthers,LG,77,,LG rated 77 on low-confidence evidence,Engine flagged this rating as unconfirmed (no recorded starts/stats/awards).,"Any recorded starts, box score, or awards, or a curated override if a notable starter.",low
4,00-0004250,James Dexter,CAR,Carolina Panthers,LG,77,,LG rated 77 on low-confidence evidence,Engine flagged this rating as unconfirmed (no recorded starts/stats/awards).,"Any recorded starts, box score, or awards, or a curated override if a notable starter.",low
4,00-0015640,Jamain Stephens,CIN,Cincinnati Bengals,LT,76,,LT rated 76 on low-confidence evidence,Engine flagged this rating as unconfirmed (no recorded starts/stats/awards).,"Any recorded starts, box score, or awards, or a curated override if a notable starter.",low
4,00-0004461,Mike Doughty,CIN,Cincinnati Bengals,LT,77,,LT rated 77 on low-confidence evidence,Engine flagged this rating as unconfirmed (no recorded starts/stats/awards).,"Any recorded starts, box score, or awards, or a curated override if a notable starter.",low
4,00-0002885,Roger Chanoine,CLE,Cleveland Browns,LT,76,,LT rated 76 on low-confidence evidence,Engine flagged this rating as unconfirmed (no recorded starts/stats/awards).,"Any recorded starts, box score, or awards, or a curated override if a notable starter.",low
4,00-0019684,Jason Thomas,LAC,San Diego Chargers,LG,75,,LG rated 75 on low-confidence evidence,Engine flagged this rating as unconfirmed (no recorded starts/stats/awards).,"Any recorded starts, box score, or awards, or a curated override if a notable starter.",low
4,00-0008225,Kendyl Jacox,LAC,San Diego Chargers,LG,75,,LG rated 75 on low-confidence evidence,Engine flagged this rating as unconfirmed (no recorded starts/stats/awards).,"Any recorded starts, box score, or awards, or a curated override if a notable starter.",low
4,00-0014086,Raleigh Roundtree,LAC,San Diego Chargers,LG,75,,LG rated 75 on low-confidence evidence,Engine flagged this rating as unconfirmed (no recorded starts/stats/awards).,"Any recorded starts, box score, or awards, or a curated override if a notable starter.",low
4,00-0019080,Josh Rawlings,NE,New England Patriots,LT,76,,LT rated 76 on low-confidence evidence,Engine flagged this rating as unconfirmed (no recorded starts/stats/awards).,"Any recorded starts, box score, or awards, or a curated override if a notable starter.",low
4,00-0019727,Chris McIntosh,SEA,Seattle Seahawks,LT,77,,LT rated 77 on low-confidence evidence,Engine flagged this rating as unconfirmed (no recorded starts/stats/awards).,"Any recorded starts, box score, or awards, or a curated override if a notable starter.",low
4,00-0017860,Kevin R. Williams,SF,San Francisco 49ers,WR,77,,Skill player rated 77 on low-confidence evidence,No box-score production on file to confirm a rating this high.,"Box-score stats or recorded starts, or a curated override for a known contributor.",low
5,00-0019019,Micah Knorr,DAL,Dallas Cowboys,P,77,,P rated 77 on low-confidence evidence,Engine flagged this rating as unconfirmed (no recorded starts/stats/awards).,"Any recorded starts, box score, or awards, or a curated override if a notable starter.",low
